symbol,synonyms,gene_locus,gene_id,transcript_id,conservation,conservation_ortholog,conservation_species,biological_context,context_detail,tissue/cell line,genome_variation,variation_detail,epigenetic_modification,modification_detail,expression,expression_detail,regulator_type,regulator,regulator_interaction,regulator_effect,target_type,target,target_interaction,target_effect,experimental_method,molecular_function,biological_process,pathway,functional_mechanism,clinical_detail,drug,description,pmid
BDNF-AS,BT2A;BT2B;BT2C;BT2D;NCRNA00049;BDNF-AS1;BDNFAS;BDNFOS,11p14.1,HSALNG0083301,"HSALNT0173292,HSALNT0173303,HSALNT0173304,HSALNT0173305,HSALNT0173306,HSALNT0173307,HSALNT0173308,HSALNT0173309,HSALNT0173311,HSALNT0173312,HSALNT0173313,HSALNT0173314,HSALNT0173315,HSALNT0173318,HSALNT0173319,HSALNT0173320,HSALNT0173321,HSALNT0173322,HSALNT0173323,HSALNT0173324,HSALNT0173335,HSALNT0173336,HSALNT0173339,HSALNT0173343,HSALNT0173344,HSALNT0173347,HSALNT0173348,HSALNT0173349,HSALNT0173351,HSALNT0173352,HSALNT0173353,HSALNT0173354,HSALNT0173355,HSALNT0173356,HSALNT0173357,HSALNT0173358,HSALNT0173360,HSALNT0173361,HSALNT0173362,HSALNT0173363,HSALNT0173364,HSALNT0173365,HSALNT0173367,HSALNT0173370,HSALNT0173377,HSALNT0173379,HSALNT0173397,HSALNT0173405,HSALNT0173406,HSALNT0173409,HSALNT0288893,HSALNT0361904,HSALNT0361905,HSALNT0361906,HSALNT0361907,HSALNT0361908,HSALNT0361909,HSALNT0361910,HSALNT0361911,HSALNT0361912,HSALNT0361913,HSALNT0361914,HSALNT0361915,HSALNT0361916,HSALNT0361917,HSALNT0361918,HSALNT0361919,HSALNT0361920,HSALNT0361921,HSALNT0361922,HSALNT0361923,HSALNT0361924,HSALNT0361925,HSALNT0361926,HSALNT0361927,HSALNT0361928,HSALNT0361929,HSALNT0361930,HSALNT0361931,HSALNT0361932,HSALNT0361933,HSALNT0361934,HSALNT0361935,HSALNT0361936,HSALNT0361937,HSALNT0361938,HSALNT0361939,HSALNT0361940,HSALNT0361941,HSALNT0361942,HSALNT0361943,HSALNT0361944,HSALNT0361945,HSALNT0361946,HSALNT0361947,HSALNT0361948,HSALNT0361949,HSALNT0361950,HSALNT0361951,HSALNT0361952,HSALNT0361953,HSALNT0361954,HSALNT0361955,HSALNT0361956,HSALNT0361957,HSALNT0361958,HSALNT0361959,HSALNT0361960,HSALNT0361961,HSALNT0361962,HSALNT0361963,HSALNT0361964,HSALNT0361965",,NA,,Disease,schizophrenia,NA,NA,NA,NA,NA,RNA,Differentially expressed,NA,NA,NA,NA,NA,NA,NA,NA,Meta-analysis,NA,NA,NA,NA,NA,NA,"The lncRNA bdnf-as is related to many neurological disorders,including huntington's disease (hd),schizophrenia,and depression.",23562612
BTG3-AS1,ASBEL,21q21.1,HSALNG0132108,"HSALNT0271485,HSALNT0271486,HSALNT0271487,HSALNT0271491,HSALNT0271492,HSALNT0271493,HSALNT0271494,HSALNT0403198,HSALNT0403199,HSALNT0403200,HSALNT0403201,HSALNT0403202",,NA,,Disease,schizophrenia,NA,NA,NA,DNA methylation,cg20227212,NA,NA,NA,NA,NA,NA,NA,NA,NA,NA,NA,NA,NA,NA,NA,NA,NA,,26619358
CCND2-AS1,CCND2-AS2,12p13.32,HSALNG0088703,"HSALNT0184491,HSALNT0184492,HSALNT0184493,HSALNT0184494,HSALNT0184495,HSALNT0184497,HSALNT0184498,HSALNT0184499,HSALNT0184500,HSALNT0366263,HSALNT0366264,HSALNT0366265,HSALNT0366266,HSALNT0366267,HSALNT0366268,HSALNT0366269,HSALNT0366270,HSALNT0366271,HSALNT0366272,HSALNT0366273,HSALNT0366274,HSALNT0366275,HSALNT0366276",,NA,,Disease,schizophrenia,NA,NA,NA,DNA methylation,cg10689512,NA,NA,NA,NA,NA,NA,NA,NA,NA,NA,NA,NA,NA,NA,NA,NA,NA,,26619358
CISTR,CISTR-ACT;CISTRACT;re52431,12q13.13,HSALNG0091306,"HSALNT0189381,HSALNT0189382,HSALNT0189383,HSALNT0189384,HSALNT0189385,HSALNT0189387,HSALNT0189394,HSALNT0189397,HSALNT0189405,HSALNT0368365,HSALNT0368370,HSALNT0368371,HSALNT0368372,HSALNT0368373,HSALNT0368374",,NA,,Disease,schizophrenia,NA,NA,NA,DNA methylation,cg06642275,NA,NA,NA,NA,NA,NA,NA,NA,NA,NA,NA,NA,NA,NA,NA,NA,NA,,26619358
COLCA1,FLJ45803;CASC12;C11orf92,11q23.1,,,,NA,,Disease,schizophrenia,NA,NA,NA,DNA methylation,cg09213929;cg12483773,NA,NA,NA,NA,NA,NA,NA,NA,NA,NA,NA,NA,NA,NA,NA,NA,NA,,26619358
COX10-AS1,COX10AS;COX10-AS,17p12,HSALNG0114686,"HSALNT0237444,HSALNT0237446,HSALNT0237449,HSALNT0237450,HSALNT0237452,HSALNT0237453,HSALNT0237455,HSALNT0237461,HSALNT0237465,HSALNT0237480,HSALNT0237481,HSALNT0237482,HSALNT0237484,HSALNT0237485,HSALNT0388564,HSALNT0388565,HSALNT0388566,HSALNT0388567,HSALNT0388568,HSALNT0388569,HSALNT0388570,HSALNT0388571,HSALNT0388572,HSALNT0388573,HSALNT0388574,HSALNT0388575,HSALNT0388576,HSALNT0388577,HSALNT0388578,HSALNT0388580,HSALNT0388581,HSALNT0388582,HSALNT0388583,HSALNT0388584,HSALNT0388585,HSALNT0388586,HSALNT0388587,HSALNT0388588,HSALNT0388589,HSALNT0388590,HSALNT0388591,HSALNT0388592,HSALNT0388593,HSALNT0388594,HSALNT0388595,HSALNT0388596,HSALNT0388597,HSALNT0388601,HSALNT0388602,HSALNT0388603,HSALNT0388604,HSALNT0388605,HSALNT0388606,HSALNT0388607,HSALNT0388608",,NA,,Disease,schizophrenia,NA,NA,NA,DNA methylation,cg22956598,NA,NA,NA,NA,NA,NA,NA,NA,NA,NA,NA,NA,NA,NA,NA,NA,NA,,26619358
CRNDE,LOC643911;LINC00180;CRNDEP,16q12.2,,,,NA,,Disease,schizophrenia,NA,NA,NA,DNA methylation,cg03482123,NA,NA,NA,NA,NA,NA,NA,NA,NA,NA,NA,NA,NA,NA,NA,NA,NA,,26619358
CTBP1-DT,MGC21675;C4orf42;CTBP1-AS1;CTBP1-AS2,4p16.3,HSALNG0032263,"HSALNT0067941,HSALNT0067942,HSALNT0289432,HSALNT0317791,HSALNT0317792,HSALNT0317793,HSALNT0317794,HSALNT0317795,HSALNT0317796,HSALNT0317797,HSALNT0317798,HSALNT0317799,HSALNT0317800,HSALNT0317801,HSALNT0317802,HSALNT0317803,HSALNT0317804,HSALNT0317807,HSALNT0317808",,NA,,Disease,schizophrenia,NA,NA,NA,DNA methylation,cg13216910,NA,NA,NA,NA,NA,NA,NA,NA,NA,NA,NA,NA,NA,NA,NA,NA,NA,,26619358
DACT3-AS1,,19q13.32,HSALNG0126702,"HSALNT0260878,HSALNT0260879,HSALNT0260880,HSALNT0260882,HSALNT0260883,HSALNT0260884,HSALNT0260886,HSALNT0260888,HSALNT0398321,HSALNT0398322,HSALNT0398323,HSALNT0398324,HSALNT0398325,HSALNT0398326",,NA,,Disease,schizophrenia,NA,NA,NA,DNA methylation,cg08202374,NA,NA,NA,NA,NA,NA,NA,NA,NA,NA,NA,NA,NA,NA,NA,NA,NA,,26619358
DAOA-AS1,G30;DAOAAS;DAOA-AS,13q33.2,HSALNG0099122,"HSALNT0206295,HSALNT0206297,HSALNT0206298,HSALNT0206299,HSALNT0374906",,NA,,Disease,schizophrenia,NA,NA,NA,NA,NA,RNA,NA,NA,NA,NA,NA,NA,NA,NA,NA,Genotyping,NA,NA,NA,NA,NA,NA,Association with schizophrenia.,15271585
DAOA-AS1,G30;DAOAAS;DAOA-AS,13q33.2,HSALNG0099122,"HSALNT0206295,HSALNT0206297,HSALNT0206298,HSALNT0206299,HSALNT0374906",,NA,,Disease,schizophrenia,NA,NA,NA,NA,NA,RNA,NA,NA,NA,NA,NA,NA,NA,NA,NA,Genotyping,NA,NA,NA,NA,NA,NA,G72/g30 (daoa-as1) are important candidate genes for explaining schizophrenia in the han chinese population.,15653269
DAOA-AS1,G30;DAOAAS;DAOA-AS,13q33.2,HSALNG0099122,"HSALNT0206295,HSALNT0206297,HSALNT0206298,HSALNT0206299,HSALNT0374906",,NA,,Disease,schizophrenia,NA,SNP,NA,NA,NA,RNA,NA,NA,NA,NA,NA,NA,NA,NA,NA,Genotyping,NA,NA,NA,NA,NA,NA,G72/g30 genes are involved in conferring susceptibility to schizophrenia.,16402132
DAOA-AS1,G30;DAOAAS;DAOA-AS,13q33.2,HSALNG0099122,"HSALNT0206295,HSALNT0206297,HSALNT0206298,HSALNT0206299,HSALNT0374906",,NA,,Disease,schizophrenia,NA,NA,NA,NA,NA,NA,NA,NA,NA,NA,NA,NA,NA,NA,NA,Genotyping,NA,NA,NA,NA,NA,NA,"Transmission disequilibrium analysis revealed a significant association between the rs947267 polymorphism (a>c) and schizophrenia (p=0.016),with the a allele more commonly transmitted to patients.",16791105
DAOA-AS1,G30;DAOAAS;DAOA-AS,13q33.2,HSALNG0099122,"HSALNT0206295,HSALNT0206297,HSALNT0206298,HSALNT0206299,HSALNT0374906",,NA,,Disease,schizophrenia,NA,NA,NA,NA,NA,NA,NA,NA,NA,NA,NA,NA,NA,NA,NA,Genotyping,NA,NA,NA,NA,NA,NA,Meta-analysis revealed that there is weak evidence of association between the g72/g30 genes and schizophrenia.,17179078
DAOA-AS1,G30;DAOAAS;DAOA-AS,13q33.2,HSALNG0099122,"HSALNT0206295,HSALNT0206297,HSALNT0206298,HSALNT0206299,HSALNT0374906",,NA,,Disease,schizophrenia,NA,SNP,NA,NA,NA,NA,NA,NA,NA,NA,NA,NA,NA,NA,NA,Genotyping,NA,NA,NA,NA,NA,NA,"Significant associations of schizophrenia with the a allele of rs947267 (a>c,p=0.012) and haplotype a-a-g (rs2391191-rs947267-rs778294) (p=0.008) were found in early-onset schizophrenic patients.",17179866
DAOA-AS1,G30;DAOAAS;DAOA-AS,13q33.2,HSALNG0099122,"HSALNT0206295,HSALNT0206297,HSALNT0206298,HSALNT0206299,HSALNT0374906",,NA,,Disease,schizophrenia,NA,SNP,NA,NA,NA,NA,NA,NA,NA,NA,NA,NA,NA,NA,NA,Genotyping,NA,NA,NA,NA,NA,NA,"Rs778294 (a>g) and rs947267 (a>c),were found to be associated with the risk of schizophrenia.",17651942
DISC2,DISC1-AS1;DISC1OS;NCRNA00015,1q42.1,HSALNG0011461,"HSALNT0023822,HSALNT0023823,HSALNT0023824,HSALNT0023827,HSALNT0299009,HSALNT0299010,HSALNT0299011,HSALNT0299012,HSALNT0299013,HSALNT0299014,HSALNT0299015,HSALNT0299016,HSALNT0299017,HSALNT0299018,HSALNT0299019,HSALNT0299020,HSALNT0299021,HSALNT0299022,HSALNT0299023,HSALNT0299024,HSALNT0299025,HSALNT0299026,HSALNT0299027,HSALNT0299028,HSALNT0299029",,NA,,Disease,schizophrenia,Mafli,NA,NA,NA,NA,RNA,NA,NA,NA,NA,NA,NA,NA,NA,NA,Array;Rtnapcr,NA,NA,NA,NA,NA,NA,"Disc2 apparently specifies a non-coding rna molecule that is antisense to disc1,an arrangement that has been observed at other loci where it is thought that the antisense rna is involved in regulating expression of the sense gene.Altogether,these observations indicate that disc1 and disc2 should be considered formal candidate genes for susceptibility to psychiatric illness.",10814723
DISC2,DISC1-AS1;DISC1OS;NCRNA00015,1q42.1,HSALNG0011461,"HSALNT0023822,HSALNT0023823,HSALNT0023824,HSALNT0023827,HSALNT0299009,HSALNT0299010,HSALNT0299011,HSALNT0299012,HSALNT0299013,HSALNT0299014,HSALNT0299015,HSALNT0299016,HSALNT0299017,HSALNT0299018,HSALNT0299019,HSALNT0299020,HSALNT0299021,HSALNT0299022,HSALNT0299023,HSALNT0299024,HSALNT0299025,HSALNT0299026,HSALNT0299027,HSALNT0299028,HSALNT0299029",,NA,,Disease,schizophrenia,NA,NA,NA,NA,NA,NA,NA,NA,NA,NA,NA,NA,NA,NA,NA,Array,NA,NA,NA,NA,NA,NA,"The disrupted in schizophrenia (disc) locus on human chromosome 1q42 has been strongly implicated by genetic studies as a susceptibility locus for major mental illnesses.Disc2,a putative noncoding transcript partially antisense to disc1,is not conserved.",12573262
DISC2,DISC1-AS1;DISC1OS;NCRNA00015,1q42.1,HSALNG0011461,"HSALNT0023822,HSALNT0023823,HSALNT0023824,HSALNT0023827,HSALNT0299009,HSALNT0299010,HSALNT0299011,HSALNT0299012,HSALNT0299013,HSALNT0299014,HSALNT0299015,HSALNT0299016,HSALNT0299017,HSALNT0299018,HSALNT0299019,HSALNT0299020,HSALNT0299021,HSALNT0299022,HSALNT0299023,HSALNT0299024,HSALNT0299025,HSALNT0299026,HSALNT0299027,HSALNT0299028,HSALNT0299029",,NA,,Disease,schizophrenia,NA,Translocation breakpoint,NA,NA,NA,RNA,NA,NA,NA,NA,NA,NA,NA,NA,NA,Array,NA,NA,NA,NA,NA,NA,"Disc2 is a likely susceptibility locus for both schizophrenia and affective disorders.Consequently loss of normal function of these genes is likely to underlie the susceptibility to developing psychiatric disorders that is conferred by inheritance of the translocation.Additionally,a number of independent genetic studies highlight the region of chromosome 1q containing disc1 and disc2 as a likely susceptibility locus for both schizophrenia and affective disorders.These genes are thus implicated in the aetiology of major psychiatric disorders in several populations.Although the function of disc1 was initially unknown,several recent reports have made significant progress towards understanding its role in the central nervous system.",15478311
DISC2,DISC1-AS1;DISC1OS;NCRNA00015,1q42.1,HSALNG0011461,"HSALNT0023822,HSALNT0023823,HSALNT0023824,HSALNT0023827,HSALNT0299009,HSALNT0299010,HSALNT0299011,HSALNT0299012,HSALNT0299013,HSALNT0299014,HSALNT0299015,HSALNT0299016,HSALNT0299017,HSALNT0299018,HSALNT0299019,HSALNT0299020,HSALNT0299021,HSALNT0299022,HSALNT0299023,HSALNT0299024,HSALNT0299025,HSALNT0299026,HSALNT0299027,HSALNT0299028,HSALNT0299029",,NA,,Disease,schizophrenia,Lymphoblastoid cell line,NA,NA,NA,NA,RNA,NA,NA,NA,NA,NA,NA,NA,NA,NA,Array,NA,NA,NA,NA,NA,NA,"Two novel genes were identified at this locus and due to the high prevalence of schizophrenia in this family,they were named disrupted-in-schizophrenia-1 (disc1) and disrupted-in-schizophrenia-2 (disc2).Disc1 encodes a novel multifunctional scaffold protein,whereas disc2 is a putative noncoding rna gene antisense to disc1.It has been speculated that a c-terminally truncated form of disc1 encoded by exons 1-8 may be expressed from the translocated allele,and indeed transcription of disc1 has been detected from the derived chromosome 1 in lymphoblastoid cell linederived from translocation carriers.",17912248
DISC2,DISC1-AS1;DISC1OS;NCRNA00015,1q42.1,HSALNG0011461,"HSALNT0023822,HSALNT0023823,HSALNT0023824,HSALNT0023827,HSALNT0299009,HSALNT0299010,HSALNT0299011,HSALNT0299012,HSALNT0299013,HSALNT0299014,HSALNT0299015,HSALNT0299016,HSALNT0299017,HSALNT0299018,HSALNT0299019,HSALNT0299020,HSALNT0299021,HSALNT0299022,HSALNT0299023,HSALNT0299024,HSALNT0299025,HSALNT0299026,HSALNT0299027,HSALNT0299028,HSALNT0299029",,NA,,Disease,schizophrenia,NA,NA,NA,NA,NA,RNA,NA,NA,NA,NA,NA,miRNA,miR-125b,RNA-RNA,NA,Array,NA,NA,NA,NA,NA,NA,"The disruption of the disc genomic locus,which encodes both the disc1 protein-coding gene and the disc2 lncRNA,has been linked in a number of genetic analyses to the risk of developing schizophrenia,schizophrenia,bipolar disorder,major depression,and autistic spectrum disorders.Specifically,the disruption of the disc genomic locus,which encodes both the disc1 protein-coding gene and the disc2 lncRNA,has been linked in a number of genetic analyses to the risk of developing schizophrenia,schizoaffective disorder,bipolar disorder,major depression,and autistic spectrum disorders.",20380817
DISC2,DISC1-AS1;DISC1OS;NCRNA00015,1q42.1,HSALNG0011461,"HSALNT0023822,HSALNT0023823,HSALNT0023824,HSALNT0023827,HSALNT0299009,HSALNT0299010,HSALNT0299011,HSALNT0299012,HSALNT0299013,HSALNT0299014,HSALNT0299015,HSALNT0299016,HSALNT0299017,HSALNT0299018,HSALNT0299019,HSALNT0299020,HSALNT0299021,HSALNT0299022,HSALNT0299023,HSALNT0299024,HSALNT0299025,HSALNT0299026,HSALNT0299027,HSALNT0299028,HSALNT0299029",,NA,,Disease,schizophrenia,NA,NA,NA,NA,NA,RNA,Differentially expressed,NA,NA,NA,NA,NA,NA,NA,NA,Array,NA,NA,NA,NA,NA,NA,"Disc1 is regulated by its lncRNA,disc2,which may also represent an excellent candidate for susceptibility to these disorders.Disc1 is regulated by its lncRNA,disc3,which may also represent an excellent candidate for susceptibility to these disorders.",22817756
DISC2,DISC1-AS1;DISC1OS;NCRNA00015,1q42.1,HSALNG0011461,"HSALNT0023822,HSALNT0023823,HSALNT0023824,HSALNT0023827,HSALNT0299009,HSALNT0299010,HSALNT0299011,HSALNT0299012,HSALNT0299013,HSALNT0299014,HSALNT0299015,HSALNT0299016,HSALNT0299017,HSALNT0299018,HSALNT0299019,HSALNT0299020,HSALNT0299021,HSALNT0299022,HSALNT0299023,HSALNT0299024,HSALNT0299025,HSALNT0299026,HSALNT0299027,HSALNT0299028,HSALNT0299029",,NA,,Disease,schizophrenia,NA,NA,NA,NA,NA,RNA,Differentially expressed,NA,NA,NA,NA,NA,NA,NA,NA,Array,NA,NA,NA,NA,NA,NA,Genomic context links lncRNAs to disease genes/loci and related pathways.,23791884
DLG2-AS1,PSZA11q14;SZ-1;DLG2AS;DLG2-AS,11q14.1,,,,NA,,Disease,schizophrenia,NA,NA,NA,NA,NA,RNA,Down-regulated,NA,NA,NA,NA,NA,NA,NA,NA,QRT-PCR,NA,NA,NA,NA,NA,NA,"Psza11q14 may be considered a candidate gene for schizophrenia acting as an antisense regulator of dlg-2,which controls assembling functional n-methyl-d-aspartate (nmda) receptors.Psza11q14 may instead represent a novel member of a family of nonprotein-coding rna genes that are not translated and that function at the rna level.",13130513
EIF1B-AS1,FLJ33065,3p22.1,HSALNG0025308,"HSALNT0053258,HSALNT0053259,HSALNT0053260,HSALNT0053261,HSALNT0053262,HSALNT0053263,HSALNT0053264,HSALNT0053265,HSALNT0053266,HSALNT0053267,HSALNT0053268,HSALNT0053269,HSALNT0053271,HSALNT0053272,HSALNT0053273,HSALNT0053274,HSALNT0053275,HSALNT0053277,HSALNT0053279,HSALNT0053281,HSALNT0053282,HSALNT0053283,HSALNT0053285,HSALNT0053286,HSALNT0053287,HSALNT0053288,HSALNT0311336,HSALNT0311337,HSALNT0311338,HSALNT0311339,HSALNT0311340,HSALNT0311341,HSALNT0311342,HSALNT0311343,HSALNT0311344,HSALNT0311345,HSALNT0311346,HSALNT0311347,HSALNT0311348,HSALNT0311349,HSALNT0311350,HSALNT0311351,HSALNT0311352,HSALNT0311353,HSALNT0311354,HSALNT0311355,HSALNT0311356,HSALNT0311357,HSALNT0311358,HSALNT0311359,HSALNT0311360",,NA,,Disease,schizophrenia,NA,NA,NA,DNA methylation,cg04019128,NA,NA,NA,NA,NA,NA,NA,NA,NA,NA,NA,NA,NA,NA,NA,NA,NA,,26619358
FBXL19-AS1,MGC125469;MGC125470;MGC125472;NCRNA00095,16p11.2,HSALNG0110794,"HSALNT0289473,HSALNT0385362,HSALNT0385363",,NA,,Disease,schizophrenia,NA,NA,NA,DNA methylation,cg03627896;cg08535091,NA,NA,NA,NA,NA,NA,NA,NA,NA,NA,NA,NA,NA,NA,NA,NA,NA,,26619358
FENDRR,lincFOXF1;onco-lncRNA-21;FOXF1-AS1,16q24.1,HSALNG0113304,"HSALNT0234868,HSALNT0234869,HSALNT0234870,HSALNT0234871,HSALNT0234872,HSALNT0234873,HSALNT0234874,HSALNT0234875,HSALNT0234876,HSALNT0234877,HSALNT0234878,HSALNT0234879,HSALNT0234880,HSALNT0234881,HSALNT0234882,HSALNT0234883,HSALNT0234884,HSALNT0234885,HSALNT0234886,HSALNT0234888,HSALNT0234889,HSALNT0234891,HSALNT0234895,HSALNT0234897,HSALNT0234899,HSALNT0234902,HSALNT0234903,HSALNT0234904,HSALNT0234905,HSALNT0234906,HSALNT0234908,HSALNT0234910,HSALNT0234914,HSALNT0234916,HSALNT0234917,HSALNT0234919,HSALNT0288974,HSALNT0387597,HSALNT0387598,HSALNT0387599,HSALNT0387600,HSALNT0387601,HSALNT0387602,HSALNT0387603,HSALNT0387604,HSALNT0387605,HSALNT0387606,HSALNT0387607,HSALNT0387608,HSALNT0387609,HSALNT0387610,HSALNT0387611,HSALNT0387612,HSALNT0387613,HSALNT0387614,HSALNT0387615,HSALNT0387616,HSALNT0387617,HSALNT0387618,HSALNT0387619,HSALNT0387620,HSALNT0387621",,NA,,Disease,schizophrenia,NA,NA,NA,DNA methylation,cg06710927,NA,NA,NA,NA,NA,NA,NA,NA,NA,NA,NA,NA,NA,NA,NA,NA,NA,,26619358
FHIP1A-DT,RP11-610P16.1;FAM160A1-DT,4q31.3,,,,NA,,Disease,schizophrenia,NA,NA,NA,DNA methylation,cg12346351,NA,NA,NA,NA,NA,NA,NA,NA,NA,NA,NA,NA,NA,NA,NA,NA,NA,,26619358
FUT8-AS1,,14q23.3,HSALNG0144243,"HSALNT0377560,HSALNT0377561",,NA,,Disease,schizophrenia,NA,NA,NA,DNA methylation,cg08074084,NA,NA,NA,NA,NA,NA,NA,NA,NA,NA,NA,NA,NA,NA,NA,NA,NA,,26619358
GABPB1-AS1,,15q21.2,HSALNG0105872,"HSALNT0220159,HSALNT0220162,HSALNT0220163,HSALNT0220164,HSALNT0220165,HSALNT0220166,HSALNT0220167,HSALNT0220169,HSALNT0220170,HSALNT0220171,HSALNT0220172,HSALNT0220174,HSALNT0220177,HSALNT0220178,HSALNT0289469,HSALNT0381269,HSALNT0381270,HSALNT0381276,HSALNT0381277,HSALNT0381278,HSALNT0381280,HSALNT0381281,HSALNT0381282,HSALNT0381283,HSALNT0381284,HSALNT0381285,HSALNT0381286,HSALNT0381287,HSALNT0381288,HSALNT0381289,HSALNT0381290,HSALNT0381291,HSALNT0381292,HSALNT0381293,HSALNT0381294,HSALNT0381295,HSALNT0381296,HSALNT0381297",,NA,,Disease,schizophrenia,NA,NA,NA,DNA methylation,cg10355997,NA,NA,NA,NA,NA,NA,NA,NA,NA,NA,NA,NA,NA,NA,NA,NA,NA,,26619358
GAS5,SNHG2;NCRNA00030,1q25.1,HSALNG0008545,"HSALNT0017659,HSALNT0017660,HSALNT0017661,HSALNT0017663,HSALNT0017666,HSALNT0017667,HSALNT0017670,HSALNT0017671,HSALNT0017679,HSALNT0017696,HSALNT0017697,HSALNT0017700,HSALNT0017701,HSALNT0017702,HSALNT0017703,HSALNT0017704,HSALNT0017705,HSALNT0017706,HSALNT0017716,HSALNT0017717,HSALNT0017719,HSALNT0017720,HSALNT0017721,HSALNT0017722,HSALNT0017723,HSALNT0017724,HSALNT0017725,HSALNT0017726,HSALNT0017728,HSALNT0017732,HSALNT0017737,HSALNT0017738,HSALNT0017739,HSALNT0017740,HSALNT0017744,HSALNT0017748,HSALNT0017749,HSALNT0017751,HSALNT0017753,HSALNT0017757,HSALNT0017760,HSALNT0017768,HSALNT0017773,HSALNT0017776,HSALNT0017777,HSALNT0296610,HSALNT0296611,HSALNT0296612,HSALNT0296613,HSALNT0296614,HSALNT0296615,HSALNT0296616,HSALNT0296617,HSALNT0296619,HSALNT0296620,HSALNT0296621,HSALNT0296622,HSALNT0296623,HSALNT0296624,HSALNT0296625,HSALNT0296626,HSALNT0296627,HSALNT0296628,HSALNT0296629,HSALNT0296630,HSALNT0296631,HSALNT0296632,HSALNT0296633,HSALNT0296634,HSALNT0296635,HSALNT0296636,HSALNT0296637,HSALNT0296638,HSALNT0296639,HSALNT0296640,HSALNT0296641,HSALNT0296642,HSALNT0296643,HSALNT0296644,HSALNT0296645,HSALNT0296646",,NA,,Disease,schizophrenia,NA,NA,NA,DNA methylation,cg02955369,NA,NA,NA,NA,NA,NA,NA,NA,NA,NA,NA,NA,NA,NA,NA,NA,NA,,26619358
GNAS-AS1,SANG;NESP-AS;NESPAS;GNAS1AS;NCRNA00075;GNASAS;GNAS-AS,20q13.32,HSALNG0131285,"HSALNT0269782,HSALNT0269783,HSALNT0269785,HSALNT0269786,HSALNT0269787,HSALNT0269788,HSALNT0269789,HSALNT0269790,HSALNT0269791,HSALNT0269792,HSALNT0402088,HSALNT0402089,HSALNT0402090",,NA,,Disease,schizophrenia,NA,NA,NA,DNA methylation,cg21330323,NA,NA,NA,NA,NA,NA,NA,NA,NA,NA,NA,NA,NA,NA,NA,NA,NA,,26619358
HAR1A,HAR1F;NCRNA00064;LINC00064,20q13.33,HSALNG0131591,"HSALNT0270426,HSALNT0270427,HSALNT0270430,HSALNT0270431,HSALNT0289475,HSALNT0402446,HSALNT0402447,HSALNT0402448,HSALNT0402449,HSALNT0402450",,NA,,Disease,schizophrenia,NA,NA,NA,NA,NA,RNA,NA,NA,NA,NA,NA,NA,NA,NA,NA,Immunoblot,NA,NA,NA,NA,NA,NA,Schizophrenia spectrum disorders and ad have also been linked with the rheelin (reln) gene and its antisense transcript har1.,22817756
HAR1B,HAR1R;NCRNA00065;LINC00065,20q13.33,HSALNG0131589,"HSALNT0270416,HSALNT0270417,HSALNT0270418,HSALNT0270419,HSALNT0270420,HSALNT0270421,HSALNT0270423,HSALNT0270424,HSALNT0288995,HSALNT0402439,HSALNT0402440,HSALNT0402441,HSALNT0402442,HSALNT0402443,HSALNT0402444,HSALNT0402445",,NA,,Disease,schizophrenia,NA,NA,NA,NA,NA,RNA,NA,NA,NA,NA,NA,NA,NA,NA,NA,Immunoblot,NA,NA,NA,NA,NA,NA,Schizophrenia spectrum disorders and ad have also been linked with the rheelin (reln) gene and its antisense transcript har1.,22817756
HCG14,dJ111M5.4,6p22.1,HSALNG0049015,"HSALNT0103387,HSALNT0103388,HSALNT0103389,HSALNT0333517,HSALNT0333518",,NA,,Disease,schizophrenia,NA,NA,NA,DNA methylation,cg10162774,NA,NA,NA,NA,NA,NA,NA,NA,NA,NA,NA,NA,NA,NA,NA,NA,NA,,26619358
HCG25,dJ1033B10.16,6p21.32,HSALNG0049506,"HSALNT0105114,HSALNT0105124,HSALNT0105128,HSALNT0105140,HSALNT0105141,HSALNT0105149,HSALNT0105150,HSALNT0333796,HSALNT0333797,HSALNT0333798,HSALNT0333799,HSALNT0333800,HSALNT0333801,HSALNT0333802,HSALNT0333803,HSALNT0333804,HSALNT0333805,HSALNT0333806",,NA,,Disease,schizophrenia,NA,NA,NA,DNA methylation,cg19277288,NA,NA,NA,NA,NA,NA,NA,NA,NA,NA,NA,NA,NA,NA,NA,NA,NA,,26619358
HCG9,PERB11;HCGIX;HCGIX4;HCGIX-4,6p22.1,HSALNG0049107,"HSALNT0103672,HSALNT0103678,HSALNT0103679,HSALNT0289524,HSALNT0333575,HSALNT0333576",,NA,,Disease,schizophrenia,NA,NA,NA,DNA methylation,cg15196165,NA,NA,NA,NA,NA,NA,NA,NA,NA,NA,NA,NA,NA,NA,NA,NA,NA,,26619358
HHLA3,,1p31.1,ENSG00000197568.14,"ENST00000359875.9,ENST00000361764.8,ENST00000370940.6,ENST00000463058.5,ENST00000486110.1,ENST00000525653.1,ENST00000531950.1",,NA,,Disease,schizophrenia,NA,NA,NA,DNA methylation,cg09735905,NA,NA,NA,NA,NA,NA,NA,NA,NA,NA,NA,NA,NA,NA,NA,NA,NA,,26619358
HOTAIRM1,HOXA-AS1;NCRNA00179;HOXA1-AS1,7p15.2,HSALNG0056850,"HSALNT0120311,HSALNT0120312,HSALNT0120313,HSALNT0120315,HSALNT0120317,HSALNT0120323,HSALNT0339878,HSALNT0339879,HSALNT0339880,HSALNT0339881,HSALNT0339882,HSALNT0339883,HSALNT0339884,HSALNT0339885,HSALNT0339886,HSALNT0339887,HSALNT0339888,HSALNT0339889",,NA,,Disease,schizophrenia,NA,NA,NA,DNA methylation,cg15218775,NA,NA,NA,NA,NA,NA,NA,NA,NA,NA,NA,NA,NA,NA,NA,NA,NA,,26619358
HOXA10-AS,HOXA-AS4,7p15.2,HSALNG0056863,"HSALNT0120363,HSALNT0120364,HSALNT0120365,HSALNT0120366,HSALNT0339923,HSALNT0339924,HSALNT0339925,HSALNT0339926,HSALNT0339927,HSALNT0339928,HSALNT0339929,HSALNT0339930",,NA,,Disease,schizophrenia,NA,NA,NA,DNA methylation,cg04298953,NA,NA,NA,NA,NA,NA,NA,NA,NA,NA,NA,NA,NA,NA,NA,NA,NA,,26619358
HOXA11-AS,HOXA11-AS1;HOXA11S;HOXA-AS5;NCRNA00076;HOXA11AS,7p15.2,HSALNG0056865,"HSALNT0120371,HSALNT0120376,HSALNT0289005,HSALNT0339932,HSALNT0339933,HSALNT0339934,HSALNT0339935,HSALNT0339936,HSALNT0339937,HSALNT0339938,HSALNT0339939,HSALNT0339940,HSALNT0339941,HSALNT0339942,HSALNT0339943,HSALNT0339944,HSALNT0339945,HSALNT0339946",,NA,,Disease,schizophrenia,NA,NA,NA,DNA methylation,cg15760840,NA,NA,NA,NA,NA,NA,NA,NA,NA,NA,NA,NA,NA,NA,NA,NA,NA,,26619358
HOXC13-AS,HOXC-AS5,12q13.13,HSALNG0091316,"HSALNT0189442,HSALNT0189443,HSALNT0368386,HSALNT0368387,HSALNT0368388",,NA,,Disease,schizophrenia,NA,NA,NA,DNA methylation,cg04727865;cg25671500,NA,NA,NA,NA,NA,NA,NA,NA,NA,NA,NA,NA,NA,NA,NA,NA,NA,,26619358
HOXD-AS2,,2q31.1,HSALNG0020588,"HSALNT0043526,HSALNT0043527,HSALNT0043528,HSALNT0043529,HSALNT0043530,HSALNT0043531,HSALNT0043532,HSALNT0043533,HSALNT0043534,HSALNT0307313,HSALNT0307314,HSALNT0307315,HSALNT0307316,HSALNT0307317",,NA,,Disease,schizophrenia,NA,NA,NA,DNA methylation,cg25829490,NA,NA,NA,NA,NA,NA,NA,NA,NA,NA,NA,NA,NA,NA,NA,NA,NA,,26619358
JMJD1C-AS1,,10q21.3,HSALNG0078365,"HSALNT0163495,HSALNT0163496,HSALNT0289459,HSALNT0358141,HSALNT0358142,HSALNT0358143,HSALNT0358144,HSALNT0358145",,NA,,Disease,schizophrenia,NA,NA,NA,DNA methylation,cg19955118,NA,NA,NA,NA,NA,NA,NA,NA,NA,NA,NA,NA,NA,NA,NA,NA,NA,,26619358
LINC-PINT,FLJ43663;PINT;LincRNA-Pint;MKLN1-AS1,7q32.3,HSALNG0061385,"HSALNT0129046,HSALNT0129047,HSALNT0129053,HSALNT0129054,HSALNT0129058,HSALNT0129059,HSALNT0129060,HSALNT0129062,HSALNT0129063,HSALNT0129064,HSALNT0129069,HSALNT0129076,HSALNT0129079,HSALNT0129080,HSALNT0129081,HSALNT0129082,HSALNT0129084,HSALNT0129085,HSALNT0129086,HSALNT0129087,HSALNT0129088,HSALNT0129089,HSALNT0129090,HSALNT0129093,HSALNT0129094,HSALNT0129095,HSALNT0129096,HSALNT0129097,HSALNT0129098,HSALNT0129099,HSALNT0129100,HSALNT0129101,HSALNT0129103,HSALNT0129104,HSALNT0129114,HSALNT0129115,HSALNT0343385,HSALNT0343386,HSALNT0343387,HSALNT0343388,HSALNT0343389,HSALNT0343390,HSALNT0343391,HSALNT0343392,HSALNT0343393,HSALNT0343394,HSALNT0343395,HSALNT0343400,HSALNT0343401,HSALNT0343402,HSALNT0343403,HSALNT0343404,HSALNT0343405,HSALNT0343406,HSALNT0343407,HSALNT0343408,HSALNT0343409,HSALNT0343410,HSALNT0343411,HSALNT0343412,HSALNT0343413,HSALNT0343414,HSALNT0343415,HSALNT0343416,HSALNT0343417,HSALNT0343418,HSALNT0343419,HSALNT0343420,HSALNT0343421,HSALNT0343422,HSALNT0343423,HSALNT0343424,HSALNT0343425,HSALNT0343426,HSALNT0343427,HSALNT0343434,HSALNT0343435,HSALNT0343436,HSALNT0343437,HSALNT0343438,HSALNT0343439,HSALNT0343440,HSALNT0343441,HSALNT0343442,HSALNT0343443,HSALNT0343444,HSALNT0343445,HSALNT0343446,HSALNT0343447,HSALNT0343448,HSALNT0343449,HSALNT0343450,HSALNT0343451,HSALNT0343452,HSALNT0343453,HSALNT0343454,HSALNT0343455,HSALNT0343456,HSALNT0343457,HSALNT0343458,HSALNT0343462,HSALNT0343463,HSALNT0343464,HSALNT0343465,HSALNT0343466,HSALNT0343467",,NA,,Disease,schizophrenia,NA,NA,NA,DNA methylation,cg25239767,NA,NA,NA,NA,NA,NA,NA,NA,NA,NA,NA,NA,NA,NA,NA,NA,NA,,26619358
LINC00242,FLJ31451;dJ266L20.5;C6orf122;NCRNA00242,6q27,HSALNG0149582,"HSALNT0338713,HSALNT0338717",,NA,,Disease,schizophrenia,NA,NA,NA,DNA methylation,cg26526596,NA,NA,NA,NA,NA,NA,NA,NA,NA,NA,NA,NA,NA,NA,NA,NA,NA,,26619358
LINC00271,C6orf217;NCRNA00271,6q23.3,HSALNG0053678,"HSALNT0113620,HSALNT0113622,HSALNT0113623,HSALNT0113624,HSALNT0113625,HSALNT0113626,HSALNT0113628,HSALNT0113629,HSALNT0113630,HSALNT0113632,HSALNT0113638,HSALNT0113639,HSALNT0113642,HSALNT0113643,HSALNT0113644,HSALNT0113645,HSALNT0113646,HSALNT0113651,HSALNT0113652,HSALNT0113654,HSALNT0113656,HSALNT0113671,HSALNT0337134,HSALNT0337135,HSALNT0337136,HSALNT0337137,HSALNT0337138,HSALNT0337139,HSALNT0337140,HSALNT0337141,HSALNT0337142,HSALNT0337143,HSALNT0337144,HSALNT0337145,HSALNT0337146,HSALNT0337147,HSALNT0337148,HSALNT0337149,HSALNT0337150,HSALNT0337151,HSALNT0337152,HSALNT0337153,HSALNT0337154,HSALNT0337155,HSALNT0337156,HSALNT0337157,HSALNT0337158",,NA,,Disease,schizophrenia,NA,SNP,NA,NA,NA,NA,NA,NA,NA,NA,NA,NA,NA,NA,NA,Genotyping,NA,NA,NA,NA,NA,NA,This gene is associated with susceptibility to schizophrenia.,16773125
LINC00461,EyeLinc1;Visc-1a;Visc-1b;Visc-2;LOC645323;ECONEXIN;NDIME,5q14.3,HSALNG0043367,"HSALNT0090995,HSALNT0090996,HSALNT0090999,HSALNT0091004,HSALNT0091009,HSALNT0091013,HSALNT0091016,HSALNT0091022,HSALNT0091024,HSALNT0091025,HSALNT0091030,HSALNT0091031,HSALNT0091032,HSALNT0091033,HSALNT0091034,HSALNT0327926,HSALNT0327927,HSALNT0327928,HSALNT0327929,HSALNT0327930,HSALNT0327931,HSALNT0327932,HSALNT0327933,HSALNT0327934,HSALNT0327935,HSALNT0327936,HSALNT0327937,HSALNT0327938,HSALNT0327939,HSALNT0327940,HSALNT0327941,HSALNT0327942,HSALNT0327943,HSALNT0327944,HSALNT0327945,HSALNT0327946,HSALNT0327947,HSALNT0327948,HSALNT0327949,HSALNT0327950,HSALNT0327951,HSALNT0327952,HSALNT0327953,HSALNT0327954,HSALNT0327955,HSALNT0327956,HSALNT0327957,HSALNT0327958,HSALNT0327959,HSALNT0327960,HSALNT0327961,HSALNT0327962,HSALNT0327963,HSALNT0327964,HSALNT0327965,HSALNT0327966,HSALNT0327967,HSALNT0327968,HSALNT0327969,HSALNT0327970",,NA,,Disease,schizophrenia,NA,NA,NA,DNA methylation,cg19734870,NA,NA,NA,NA,NA,NA,NA,NA,NA,NA,NA,NA,NA,NA,NA,NA,NA,,26619358
LINC00473,bA142J11.1;LNC473;C6orf176,6q27,,,,NA,,Disease,schizophrenia,NA,NA,NA,DNA methylation,cg14026561,NA,NA,NA,NA,NA,NA,NA,NA,NA,NA,NA,NA,NA,NA,NA,NA,NA,,26619358
LINC00511,onco-lncRNA-12,17q24.3,,,,NA,,Disease,schizophrenia,NA,NA,NA,DNA methylation,cg09672890,NA,NA,NA,NA,NA,NA,NA,NA,NA,NA,NA,NA,NA,NA,NA,NA,NA,,26619358
LINC00574,FLJ13162;dJ182D15.1;CRALA;C6orf208,6q27,HSALNG0055393,"HSALNT0117235,HSALNT0338714,HSALNT0338715,HSALNT0338716",,NA,,Disease,schizophrenia,NA,NA,NA,DNA methylation,cg26526596,NA,NA,NA,NA,NA,NA,NA,NA,NA,NA,NA,NA,NA,NA,NA,NA,NA,,26619358
LINC00598,TTL;lncFOXO1,13q14.11,HSALNG0096529,"HSALNT0200371,HSALNT0200372,HSALNT0200373,HSALNT0200374,HSALNT0200375,HSALNT0200376,HSALNT0200377,HSALNT0200378,HSALNT0200379,HSALNT0200380,HSALNT0200381,HSALNT0200382,HSALNT0200383,HSALNT0200384,HSALNT0200385,HSALNT0200386,HSALNT0200387,HSALNT0200388,HSALNT0200389,HSALNT0200390,HSALNT0200391,HSALNT0200392,HSALNT0200393,HSALNT0200394,HSALNT0200395,HSALNT0200396,HSALNT0200397,HSALNT0200398,HSALNT0200399,HSALNT0200400,HSALNT0200402,HSALNT0200410,HSALNT0200420,HSALNT0200421,HSALNT0200422,HSALNT0200423,HSALNT0200425,HSALNT0200429,HSALNT0200430,HSALNT0200431,HSALNT0200433,HSALNT0200434,HSALNT0200436,HSALNT0200437,HSALNT0200440,HSALNT0200443,HSALNT0200444,HSALNT0200445,HSALNT0200446,HSALNT0200449,HSALNT0372810,HSALNT0372811,HSALNT0372812,HSALNT0372813,HSALNT0372814,HSALNT0372815,HSALNT0372816,HSALNT0372817,HSALNT0372818,HSALNT0372819,HSALNT0372820,HSALNT0372823,HSALNT0372825,HSALNT0372826,HSALNT0372827,HSALNT0372829,HSALNT0372832,HSALNT0372833,HSALNT0372834,HSALNT0372835,HSALNT0372836,HSALNT0372839,HSALNT0372840",,NA,,Disease,schizophrenia,NA,NA,NA,DNA methylation,cg18442986,NA,NA,NA,NA,NA,NA,NA,NA,NA,NA,NA,NA,NA,NA,NA,NA,NA,,26619358
LINC00602,,6q27,HSALNG0149306,"HSALNT0338425,HSALNT0338426,HSALNT0338427",,NA,,Disease,schizophrenia,NA,NA,NA,DNA methylation,cg14026561,NA,NA,NA,NA,NA,NA,NA,NA,NA,NA,NA,NA,NA,NA,NA,NA,NA,,26619358
LINC01126,,2p21,HSALNG0014530,"HSALNT0030850,HSALNT0030851,HSALNT0030852,HSALNT0030855,HSALNT0030856,HSALNT0302121,HSALNT0302123,HSALNT0302124,HSALNT0302125,HSALNT0302128,HSALNT0302129,HSALNT0302130,HSALNT0302131,HSALNT0302132",,NA,,Disease,schizophrenia,NA,NA,NA,DNA methylation,cg03443205,NA,NA,NA,NA,NA,NA,NA,NA,NA,NA,NA,NA,NA,NA,NA,NA,NA,,26619358
LINC01551,C14orf23,14q12,HSALNG0100289,"HSALNT0208923,HSALNT0208924,HSALNT0208926,HSALNT0208929,HSALNT0376029,HSALNT0376030,HSALNT0376031,HSALNT0376032,HSALNT0376033,HSALNT0376034,HSALNT0376035,HSALNT0376036,HSALNT0376037",,NA,,Disease,schizophrenia,NA,NA,NA,DNA methylation,cg20043105,NA,NA,NA,NA,NA,NA,NA,NA,NA,NA,NA,NA,NA,NA,NA,NA,NA,,26619358
LINC02908,FLJ36268;FLJ42909;C9orf139,9q34.3,,,,NA,,Disease,schizophrenia,NA,NA,NA,DNA methylation,cg13970341,NA,NA,NA,NA,NA,NA,NA,NA,NA,NA,NA,NA,NA,NA,NA,NA,NA,,26619358
LRRC2-AS1,LUZP3;LUZPP1;LUZP3P,3p21.3,HSALNG0025700,"HSALNT0054010,HSALNT0054011,HSALNT0054012,HSALNT0054013,HSALNT0054014,HSALNT0054015,HSALNT0054016,HSALNT0311657,HSALNT0311658",,NA,,Disease,schizophrenia,NA,NA,NA,NA,NA,RNA,NA,NA,NA,NA,NA,NA,NA,NA,NA,Microarray;QRT-PCR,NA,NA,NA,NA,NA,NA,LncRNA nonhsat089447 and nonhsat041499 might be involved in the pathogenesis and development of sz.,27650396
MIR22HG,MGC14376;DKFZp686O06159;C17orf91,17p13.3,HSALNG0113835,"HSALNT0235887,HSALNT0235889,HSALNT0235891,HSALNT0235892,HSALNT0235893,HSALNT0235897,HSALNT0235901,HSALNT0235904,HSALNT0235905,HSALNT0235906,HSALNT0235908,HSALNT0235909,HSALNT0235912,HSALNT0235913,HSALNT0235915,HSALNT0235916,HSALNT0235920,HSALNT0235924,HSALNT0235925,HSALNT0235930,HSALNT0235931,HSALNT0235937,HSALNT0235941,HSALNT0235943,HSALNT0235952,HSALNT0235954,HSALNT0387989,HSALNT0387990,HSALNT0387991,HSALNT0387992,HSALNT0387993,HSALNT0387994,HSALNT0387995,HSALNT0387996,HSALNT0387997,HSALNT0387998,HSALNT0387999,HSALNT0388000,HSALNT0388001,HSALNT0388002,HSALNT0388003,HSALNT0388004,HSALNT0388005,HSALNT0388006,HSALNT0388007,HSALNT0388008,HSALNT0388009,HSALNT0388010,HSALNT0388011,HSALNT0388012",,NA,,Disease,schizophrenia,NA,NA,NA,DNA methylation,cg11099291,NA,NA,NA,NA,NA,NA,NA,NA,NA,NA,NA,NA,NA,NA,NA,NA,NA,,26619358
MIR7-3HG,PGSF1;PGSF1a;PGSF1b;Huh7;uc002mbe.2;C19orf30;NCRNA00306;LINC00306,19p13.3,HSALNG0123415,"HSALNT0254822,HSALNT0254823,HSALNT0254824,HSALNT0254825,HSALNT0254826,HSALNT0254827,HSALNT0254828,HSALNT0254829,HSALNT0254830,HSALNT0254831,HSALNT0254832,HSALNT0254833,HSALNT0254834,HSALNT0254835,HSALNT0254836,HSALNT0254837,HSALNT0254838,HSALNT0254839,HSALNT0254840,HSALNT0254841,HSALNT0254842,HSALNT0254843,HSALNT0254844,HSALNT0254845,HSALNT0254846,HSALNT0254848,HSALNT0254849,HSALNT0254850,HSALNT0254851,HSALNT0254852,HSALNT0254853,HSALNT0254854,HSALNT0254855,HSALNT0254856,HSALNT0254857,HSALNT0254858,HSALNT0254868,HSALNT0254869,HSALNT0254875,HSALNT0254876,HSALNT0254877,HSALNT0254878,HSALNT0254879,HSALNT0254880,HSALNT0254881,HSALNT0254882,HSALNT0254884,HSALNT0254887,HSALNT0254894,HSALNT0395802,HSALNT0395803,HSALNT0395804,HSALNT0395805,HSALNT0395806,HSALNT0395807,HSALNT0395808,HSALNT0395809,HSALNT0395810,HSALNT0395811,HSALNT0395812,HSALNT0395813,HSALNT0395814,HSALNT0395815,HSALNT0395816,HSALNT0395817,HSALNT0395818,HSALNT0395819,HSALNT0395820,HSALNT0395821,HSALNT0395822,HSALNT0395823,HSALNT0395824,HSALNT0395825,HSALNT0395826,HSALNT0395827,HSALNT0395828,HSALNT0395829,HSALNT0395830,HSALNT0395831,HSALNT0395832,HSALNT0395833,HSALNT0395834,HSALNT0395835,HSALNT0395836,HSALNT0395837,HSALNT0395838,HSALNT0395839,HSALNT0395840,HSALNT0395841,HSALNT0395842,HSALNT0395843,HSALNT0395844,HSALNT0395845,HSALNT0395846,HSALNT0395847,HSALNT0395848,HSALNT0395849,HSALNT0395850,HSALNT0395851,HSALNT0395852,HSALNT0395853,HSALNT0395854,HSALNT0395855,HSALNT0395856,HSALNT0395857,HSALNT0395858,HSALNT0395859,HSALNT0395860,HSALNT0395861,HSALNT0395862,HSALNT0395863,HSALNT0395864",,NA,,Disease,schizophrenia,NA,NA,NA,DNA methylation,cg04640886,NA,NA,NA,NA,NA,NA,NA,NA,NA,NA,NA,NA,NA,NA,NA,NA,NA,,26619358
MIR9-1HG,CROC4;C1orf61,1q22,,,,NA,,Disease,schizophrenia,NA,NA,NA,DNA methylation,cg10778599,NA,NA,NA,NA,NA,NA,NA,NA,NA,NA,NA,NA,NA,NA,NA,NA,NA,,26619358
NDUFV1-DT,FLJ90834;C11orf72,11q13.2,,,,NA,,Disease,schizophrenia,NA,NA,NA,DNA methylation,cg19038228,NA,NA,NA,NA,NA,NA,NA,NA,NA,NA,NA,NA,NA,NA,NA,NA,NA,,26619358
NIFK-AS1,,2q14.3,HSALNG0018445,"HSALNT0039010,HSALNT0039011,HSALNT0039012,HSALNT0039014,HSALNT0039016,HSALNT0039017,HSALNT0039020,HSALNT0289193,HSALNT0305531,HSALNT0305532,HSALNT0305533,HSALNT0305534,HSALNT0305535,HSALNT0305536,HSALNT0305537,HSALNT0305538,HSALNT0305539,HSALNT0305540,HSALNT0305541,HSALNT0305542,HSALNT0305543,HSALNT0305544,HSALNT0305545,HSALNT0305546,HSALNT0305547,HSALNT0305548,HSALNT0305549,HSALNT0305550,HSALNT0305551,HSALNT0305552",,NA,,Disease,schizophrenia,NA,NA,NA,DNA methylation,cg01297674,NA,NA,NA,NA,NA,NA,NA,NA,NA,NA,NA,NA,NA,NA,NA,NA,NA,,26619358
OBI1-AS1,POU4F1-AS1;RNF219-AS1,13q22.3-q31.1,,,,NA,,Disease,schizophrenia,NA,NA,NA,DNA methylation,cg19916212,NA,NA,NA,NA,NA,NA,NA,NA,NA,NA,NA,NA,NA,NA,NA,NA,NA,,26619358
OIP5-AS1,cyrano;linc-OIP5,15q15.1,HSALNG0105343,"HSALNT0219177,HSALNT0219181,HSALNT0219182,HSALNT0219183,HSALNT0219185,HSALNT0219187,HSALNT0219188,HSALNT0219197,HSALNT0219198,HSALNT0219201,HSALNT0219203,HSALNT0219204,HSALNT0219206,HSALNT0219207,HSALNT0219208,HSALNT0219210,HSALNT0219212,HSALNT0219213,HSALNT0219214,HSALNT0219216,HSALNT0219217,HSALNT0219218,HSALNT0219219,HSALNT0289197,HSALNT0380937,HSALNT0380938,HSALNT0380939,HSALNT0380940,HSALNT0380941,HSALNT0380942,HSALNT0380943,HSALNT0380944,HSALNT0380945,HSALNT0380946,HSALNT0380947,HSALNT0380948,HSALNT0380949,HSALNT0380950",,NA,,Disease,schizophrenia,NA,NA,NA,DNA methylation,cg12362060;cg02164516,NA,NA,NA,NA,NA,NA,NA,NA,NA,NA,NA,NA,NA,NA,NA,NA,NA,,26619358
PSMB8-AS1,XXbac-BPG246D15.8;TAP1-AS1;TAPSAR1,6p21.32,HSALNG0049455,"HSALNT0104961,HSALNT0104962,HSALNT0104963,HSALNT0104970,HSALNT0104982,HSALNT0104989,HSALNT0333769,HSALNT0333770,HSALNT0333771,HSALNT0333772,HSALNT0333773,HSALNT0333774,HSALNT0333775,HSALNT0333776",,NA,,Disease,schizophrenia,NA,NA,NA,DNA methylation,cg10128166,NA,NA,NA,NA,NA,NA,NA,NA,NA,NA,NA,NA,NA,NA,NA,NA,NA,,26619358
RN7SL2,7SL1c;7L30.1;RNSRP2,14q21.3,ENSG00000274012.1,,,NA,,Disease,schizophrenia,NA,NA,NA,DNA methylation,cg16537350,NA,NA,NA,NA,NA,NA,NA,NA,NA,NA,NA,NA,NA,NA,NA,NA,NA,,26619358
SNAP25-AS1,,20p12.2,HSALNG0128601,"HSALNT0264228,HSALNT0264229,HSALNT0264231,HSALNT0264233,HSALNT0264234,HSALNT0264236,HSALNT0264237,HSALNT0264238,HSALNT0264239,HSALNT0264241,HSALNT0264243,HSALNT0264244,HSALNT0264245,HSALNT0264246,HSALNT0264248,HSALNT0264250,HSALNT0264272,HSALNT0399534,HSALNT0399535,HSALNT0399536,HSALNT0399537,HSALNT0399538,HSALNT0399539,HSALNT0399540,HSALNT0399541,HSALNT0399542,HSALNT0399543,HSALNT0399544,HSALNT0399545,HSALNT0399546,HSALNT0399547,HSALNT0399548,HSALNT0399549,HSALNT0399550,HSALNT0399551,HSALNT0399552,HSALNT0399553,HSALNT0399554,HSALNT0399555,HSALNT0399556,HSALNT0399557",,NA,,Disease,schizophrenia,NA,NA,NA,DNA methylation,cg27204739,NA,NA,NA,NA,NA,NA,NA,NA,NA,NA,NA,NA,NA,NA,NA,NA,NA,,26619358
SNHG11,LINC00101;C20orf198,20q11.23,HSALNG0129985,"HSALNT0266980,HSALNT0266983,HSALNT0266984,HSALNT0266995,HSALNT0267005,HSALNT0267006,HSALNT0267007,HSALNT0267008,HSALNT0267009,HSALNT0267012,HSALNT0400966,HSALNT0400967,HSALNT0400968,HSALNT0400969,HSALNT0400970,HSALNT0400971,HSALNT0400972,HSALNT0400973,HSALNT0400974,HSALNT0400975,HSALNT0400976,HSALNT0400977,HSALNT0400978,HSALNT0400979,HSALNT0400980,HSALNT0400981,HSALNT0400982,HSALNT0400983,HSALNT0400984,HSALNT0400985,HSALNT0400986,HSALNT0400987,HSALNT0400988,HSALNT0400989,HSALNT0400990,HSALNT0400991,HSALNT0400992,HSALNT0400993,HSALNT0400994,HSALNT0400995,HSALNT0400996,HSALNT0400997,HSALNT0400998,HSALNT0400999,HSALNT0401000,HSALNT0401001,HSALNT0401002,HSALNT0401003,HSALNT0401004,HSALNT0401005,HSALNT0401006,HSALNT0401007,HSALNT0401008,HSALNT0401009",,NA,,Disease,schizophrenia,NA,NA,NA,DNA methylation,cg23288521,NA,NA,NA,NA,NA,NA,NA,NA,NA,NA,NA,NA,NA,NA,NA,NA,NA,,26619358
SNHG29,MGC40157;C17orf45;NCRNA00188;C17orf76-AS1;FAM211A-AS1;LRRC75A-AS1,17p11.2,HSALNG0114857,"HSALNT0237737,HSALNT0237775,HSALNT0237776,HSALNT0237777,HSALNT0237778,HSALNT0237779,HSALNT0237780,HSALNT0237781,HSALNT0237782,HSALNT0237783,HSALNT0237784,HSALNT0237785,HSALNT0237786,HSALNT0237787,HSALNT0237788,HSALNT0237789,HSALNT0237790,HSALNT0237791,HSALNT0237792,HSALNT0237793,HSALNT0237794,HSALNT0237795,HSALNT0237796,HSALNT0237797,HSALNT0237798,HSALNT0237799,HSALNT0237800,HSALNT0237801,HSALNT0237802,HSALNT0237803,HSALNT0237804,HSALNT0237805,HSALNT0237806,HSALNT0237807,HSALNT0237808,HSALNT0237811,HSALNT0237812,HSALNT0237818,HSALNT0237819,HSALNT0237820,HSALNT0237821,HSALNT0237822,HSALNT0237823,HSALNT0237824,HSALNT0237825,HSALNT0237826,HSALNT0237827,HSALNT0237829,HSALNT0237830,HSALNT0237831,HSALNT0237832,HSALNT0237833,HSALNT0237835,HSALNT0237836,HSALNT0237839,HSALNT0237845,HSALNT0237846,HSALNT0237847,HSALNT0237848,HSALNT0237852,HSALNT0237855,HSALNT0237856,HSALNT0237857,HSALNT0237862,HSALNT0289155,HSALNT0388709,HSALNT0388710,HSALNT0388711,HSALNT0388712,HSALNT0388713,HSALNT0388714,HSALNT0388715,HSALNT0388716,HSALNT0388717,HSALNT0388718,HSALNT0388719,HSALNT0388720,HSALNT0388721,HSALNT0388722,HSALNT0388723,HSALNT0388724,HSALNT0388725,HSALNT0388726,HSALNT0388727,HSALNT0388728,HSALNT0388729,HSALNT0388730,HSALNT0388731,HSALNT0388732,HSALNT0388733,HSALNT0388734,HSALNT0388735,HSALNT0388736,HSALNT0388737,HSALNT0388738,HSALNT0388739,HSALNT0388740,HSALNT0388741,HSALNT0388742,HSALNT0388743,HSALNT0388744,HSALNT0388745,HSALNT0388746,HSALNT0388747,HSALNT0388748,HSALNT0388749,HSALNT0388750,HSALNT0388751,HSALNT0388752,HSALNT0388753,HSALNT0388754,HSALNT0388755,HSALNT0388756,HSALNT0388757,HSALNT0388758,HSALNT0388759,HSALNT0388760,HSALNT0388761,HSALNT0388762,HSALNT0388763,HSALNT0388764,HSALNT0388765,HSALNT0388766,HSALNT0388767,HSALNT0388768,HSALNT0388769,HSALNT0388770,HSALNT0388771,HSALNT0388772,HSALNT0388773,HSALNT0388774,HSALNT0388775,HSALNT0388776,HSALNT0388777,HSALNT0388778,HSALNT0388779,HSALNT0388780,HSALNT0388781,HSALNT0388782,HSALNT0388783",,NA,,Disease,schizophrenia,NA,NA,NA,DNA methylation,cg24707616,NA,NA,NA,NA,NA,NA,NA,NA,NA,NA,NA,NA,NA,NA,NA,NA,NA,,26619358
SNHG32,D6S57;G8;C6orf48,6p21.33,,,,NA,,Disease,schizophrenia,NA,NA,NA,DNA methylation,cg14663792,NA,NA,NA,NA,NA,NA,NA,NA,NA,NA,NA,NA,NA,NA,NA,NA,NA,,26619358
TARID,EYA4-AS1,6q23.2,HSALNG0053580,"HSALNT0113372,HSALNT0113373,HSALNT0113374,HSALNT0113375,HSALNT0113376,HSALNT0113377,HSALNT0113378,HSALNT0113379,HSALNT0113381,HSALNT0113382,HSALNT0113383,HSALNT0113387,HSALNT0113388,HSALNT0113389,HSALNT0113390,HSALNT0113391,HSALNT0113392,HSALNT0113393,HSALNT0113394,HSALNT0113400,HSALNT0113409,HSALNT0113410,HSALNT0113412,HSALNT0113418,HSALNT0113419,HSALNT0113420,HSALNT0113421,HSALNT0113422,HSALNT0289263,HSALNT0336992,HSALNT0336993,HSALNT0336994,HSALNT0336995,HSALNT0336996,HSALNT0336997,HSALNT0336998,HSALNT0336999,HSALNT0337000,HSALNT0337001,HSALNT0337002,HSALNT0337003,HSALNT0337004,HSALNT0337005,HSALNT0337006,HSALNT0337007,HSALNT0337008,HSALNT0337009,HSALNT0337010",,NA,,Disease,schizophrenia,NA,NA,NA,DNA methylation,cg18685594,NA,NA,NA,NA,NA,NA,NA,NA,NA,NA,NA,NA,NA,NA,NA,NA,NA,,26619358
THAP7-AS1,,22q11.21,HSALNG0134192,"HSALNT0275537,HSALNT0405018,HSALNT0405019,HSALNT0405020,HSALNT0405021,HSALNT0405022,HSALNT0405023,HSALNT0405024,HSALNT0405025,HSALNT0405026,HSALNT0405027,HSALNT0405028",,NA,,Disease,schizophrenia,NA,NA,NA,DNA methylation,cg22031629,NA,NA,NA,NA,NA,NA,NA,NA,NA,NA,NA,NA,NA,NA,NA,NA,NA,,26619358
TRAF3IP2-AS1,C6UAS;TRAF3IP2-AS2;C6orf3;NCRNA00248,6q21,HSALNG0052788,"HSALNT0111547,HSALNT0111548,HSALNT0111549,HSALNT0111550,HSALNT0111551,HSALNT0111555,HSALNT0111556,HSALNT0111557,HSALNT0111558,HSALNT0111561,HSALNT0111562,HSALNT0111563,HSALNT0111564,HSALNT0111565,HSALNT0111566,HSALNT0111567,HSALNT0111572,HSALNT0111574,HSALNT0111575,HSALNT0111577,HSALNT0111578,HSALNT0111581,HSALNT0111582,HSALNT0111583,HSALNT0111584,HSALNT0111585,HSALNT0111586,HSALNT0111587,HSALNT0111592,HSALNT0111593,HSALNT0111594,HSALNT0111596,HSALNT0111598,HSALNT0111599,HSALNT0111600,HSALNT0111601,HSALNT0111602,HSALNT0111603,HSALNT0336216,HSALNT0336217,HSALNT0336218,HSALNT0336219,HSALNT0336220,HSALNT0336221,HSALNT0336222,HSALNT0336223,HSALNT0336224,HSALNT0336225,HSALNT0336226,HSALNT0336227,HSALNT0336228,HSALNT0336229,HSALNT0336230,HSALNT0336231,HSALNT0336232,HSALNT0336233,HSALNT0336234,HSALNT0336235,HSALNT0336236,HSALNT0336237,HSALNT0336238,HSALNT0336239,HSALNT0336240,HSALNT0336241,HSALNT0336242,HSALNT0336243,HSALNT0336244,HSALNT0336245,HSALNT0336246,HSALNT0336247,HSALNT0336248,HSALNT0336249",,NA,,Disease,schizophrenia,NA,NA,NA,NA,NA,RNA,NA,NA,NA,NA,NA,NA,NA,NA,NA,Q-RCR,NA,NA,NA,NA,NA,NA,Association.,10903453
URB1-AS1,PRED84;MGC14136;C21orf119,21q22.11,HSALNG0132674,"HSALNT0272732,HSALNT0403770",,NA,,Disease,schizophrenia,NA,NA,NA,DNA methylation,cg08655493,NA,NA,NA,NA,NA,NA,NA,NA,NA,NA,NA,NA,NA,NA,NA,NA,NA,,26619358
ZBED3-AS1,lnc13728,5q13.3,HSALNG0042820,"HSALNT0089934,HSALNT0089935,HSALNT0089936,HSALNT0089937,HSALNT0089938,HSALNT0089939,HSALNT0089940,HSALNT0089941,HSALNT0089942,HSALNT0089944,HSALNT0089945,HSALNT0089946,HSALNT0089947,HSALNT0089948,HSALNT0089949,HSALNT0089950,HSALNT0089951,HSALNT0089952,HSALNT0089958,HSALNT0089959,HSALNT0089960,HSALNT0089967,HSALNT0089968,HSALNT0089970,HSALNT0089971,HSALNT0089972,HSALNT0089975,HSALNT0089977,HSALNT0089979,HSALNT0089982,HSALNT0089983,HSALNT0089984,HSALNT0089985,HSALNT0089986,HSALNT0089987,HSALNT0089988,HSALNT0089989,HSALNT0089990,HSALNT0089991,HSALNT0089992,HSALNT0089993,HSALNT0089994,HSALNT0089995,HSALNT0090002,HSALNT0090003,HSALNT0090006,HSALNT0090008,HSALNT0090009,HSALNT0090012,HSALNT0090013,HSALNT0090014,HSALNT0090015,HSALNT0090016,HSALNT0090017,HSALNT0090018,HSALNT0327448,HSALNT0327449,HSALNT0327450,HSALNT0327451,HSALNT0327452,HSALNT0327453,HSALNT0327454,HSALNT0327455,HSALNT0327456,HSALNT0327457,HSALNT0327458,HSALNT0327459,HSALNT0327460,HSALNT0327461,HSALNT0327462,HSALNT0327463,HSALNT0327464,HSALNT0327465,HSALNT0327466,HSALNT0327467,HSALNT0327468,HSALNT0327469,HSALNT0327470,HSALNT0327471,HSALNT0327472,HSALNT0327473,HSALNT0327474,HSALNT0327475,HSALNT0327476,HSALNT0327477,HSALNT0327478,HSALNT0327479,HSALNT0327480,HSALNT0327481,HSALNT0327482,HSALNT0327483,HSALNT0327484,HSALNT0327485,HSALNT0327486,HSALNT0327487,HSALNT0327488,HSALNT0327489,HSALNT0327490,HSALNT0327491,HSALNT0327492,HSALNT0327493,HSALNT0327494,HSALNT0327495,HSALNT0327496,HSALNT0327497,HSALNT0327498,HSALNT0327499",,NA,,Disease,schizophrenia,NA,NA,NA,DNA methylation,cg25581352,NA,NA,NA,NA,NA,NA,NA,NA,NA,NA,NA,NA,NA,NA,NA,NA,NA,,26619358
ZEB2-AS1,ZEB2NAT;ZEB2AS;ZEB2-AS,2q22.3,,,,NA,,Disease,schizophrenia,NA,NA,NA,DNA methylation,cg21701531,NA,NA,NA,NA,NA,NA,NA,NA,NA,NA,NA,NA,NA,NA,NA,NA,NA,,26619358
ZNF436-AS1,FLJ90508;C1orf213,1p36.12,HSALNG0001624,"HSALNT0003115,HSALNT0003117,HSALNT0003118,HSALNT0003120,HSALNT0003121,HSALNT0003123,HSALNT0290759,HSALNT0290760,HSALNT0290761,HSALNT0290762",,NA,,Disease,schizophrenia,NA,NA,NA,DNA methylation,cg18273566,NA,NA,NA,NA,NA,NA,NA,NA,NA,NA,NA,NA,NA,NA,NA,NA,NA,,26619358
